{
  "name": "etape",
  "short_name": "etape",
  "icons": [
    {
      "src": "/_nuxt/icons/icon_64x64.9180f1.png",
      "sizes": "64x64",
      "type": "image/png",
      "purpose": "any maskable"
    },
    {
      "src": "/_nuxt/icons/icon_120x120.9180f1.png",
      "sizes": "120x120",
      "type": "image/png",
      "purpose": "any maskable"
    },
    {
      "src": "/_nuxt/icons/icon_144x144.9180f1.png",
      "sizes": "144x144",
      "type": "image/png",
      "purpose": "any maskable"
    },
    {
      "src": "/_nuxt/icons/icon_152x152.9180f1.png",
      "sizes": "152x152",
      "type": "image/png",
      "purpose": "any maskable"
    },
    {
      "src": "/_nuxt/icons/icon_192x192.9180f1.png",
      "sizes": "192x192",
      "type": "image/png",
      "purpose": "any maskable"
    },
    {
      "src": "/_nuxt/icons/icon_384x384.9180f1.png",
      "sizes": "384x384",
      "type": "image/png",
      "purpose": "any maskable"
    },
    {
      "src": "/_nuxt/icons/icon_512x512.9180f1.png",
      "sizes": "512x512",
      "type": "image/png",
      "purpose": "any maskable"
    }
  ],
  "start_url": "/?standalone=true",
  "display": "standalone",
  "background_color": "#ffffff",
  "lang": "en"
}